{"cameraMode":{"drawMode":0,"name":"Shaded","section":"Shading Mode"},"sceneLighting":false,"audioPlay":false,"sceneViewState":{"showFog":true,"showMaterialUpdate":false,"showSkybox":false,"showFlares":true,"showImageEffects":true,"showParticleSystems":true,"showVisualEffectGraphs":true,"m_FxEnabled":true},"in2DMode":false,"pivot":{"x":2.1165659427642824,"y":1.7677040100097657,"z":-15.497329711914063},"rotation":{"x":-0.0016378540312871338,"y":-0.9961520433425903,"z":0.01971248909831047,"w":-0.08538457751274109},"size":12.12435531616211,"orthographic":false}