{"cameraMode":{"drawMode":0,"name":"Shaded","section":"Shading Mode"},"sceneLighting":false,"audioPlay":false,"sceneViewState":{"showFog":true,"showMaterialUpdate":false,"showSkybox":false,"showFlares":true,"showImageEffects":true,"showParticleSystems":true,"showVisualEffectGraphs":true,"m_FxEnabled":true},"in2DMode":false,"pivot":{"x":-5.963720798492432,"y":1.4482026100158692,"z":-14.657597541809082},"rotation":{"x":0.15788999199867249,"y":-0.16379547119140626,"z":0.026588471606373788,"w":0.9734210968017578},"size":4.500133037567139,"orthographic":false}