{"cameraMode":{"drawMode":0,"name":"Shaded","section":"Shading Mode"},"sceneLighting":false,"audioPlay":false,"sceneViewState":{"showFog":true,"showMaterialUpdate":false,"showSkybox":false,"showFlares":true,"showImageEffects":true,"showParticleSystems":true,"showVisualEffectGraphs":true,"m_FxEnabled":true},"in2DMode":false,"pivot":{"x":-0.1683940887451172,"y":3.7026381492614748,"z":10.239825248718262},"rotation":{"x":0.15070077776908875,"y":0.08054807037115097,"z":-0.012265847995877266,"w":0.9852220416069031},"size":17.617399215698243,"orthographic":false}