{"cameraMode":{"drawMode":0,"name":"Shaded","section":"Shading Mode"},"sceneLighting":false,"audioPlay":false,"sceneViewState":{"showFog":true,"showMaterialUpdate":false,"showSkybox":false,"showFlares":true,"showImageEffects":true,"showParticleSystems":true,"showVisualEffectGraphs":true,"m_FxEnabled":true},"in2DMode":false,"pivot":{"x":0.24553361535072328,"y":-0.17802917957305909,"z":0.7690842151641846},"rotation":{"x":-0.003357997862622142,"y":-0.9628395438194275,"z":0.2698041796684265,"w":-0.011124331504106522},"size":0.8660253882408142,"orthographic":false}